{
    "AWSEBDockerrunVersion": 3,
    "containerDefinitions": [
        {
            "name": "django",
            "image": "zotterstrom/django-image:first",
            "essential": true,
            "memory": 256,
            "mountPoints": [
                {
                    "sourceVolume": "django-static",
                    "containerPath": "/app/static"
                },
                {
                    "sourceVolume": "django-media",
                    "containerPath": "/app/media"
                }
            ],
            "portMappings": [
                {
                    "hostPort": 8000,
                    "containerPort": 8000
                }
            ]
        },
        {
            "name": "angular",
            "image": "zotterstrom/angular-image:first",
            "essential": true,
            "memory": 256,
            "portMappings": [
                {
                    "hostPort": 80,
                    "containerPort": 80
                }
            ]
        },
        {
            "name": "nginx",
            "image": "nginx:alpine",
            "essential": true,
            "memory": 128,
            "links": [
                "django:django",
                "angular:angular"
            ],
            "portMappings": [
                {
                    "hostPort": 80,
                    "containerPort": 80
                }
            ],
            "mountPoints": [
                {
                    "sourceVolume": "nginx-conf",
                    "containerPath": "/etc/nginx/conf.d"
                },
                {
                    "sourceVolume": "django-static",
                    "containerPath": "/var/www/static"
                },
                {
                    "sourceVolume": "django-media",
                    "containerPath": "/var/www/media"
                }
            ]
        }
    ],
    "volumes": [
        {
            "name": "django-static",
            "host": {
                "sourcePath": "/var/app/current/static"
            }
        },
        {
            "name": "django-media",
            "host": {
                "sourcePath": "/var/app/current/media"
            }
        },
        {
            "name": "nginx-conf",
            "host": {
                "sourcePath": "/var/app/current/nginx"
            }
        }
    ]
}