PRAGMA foreign_keys=OFF;
BEGIN TRANSACTION;
CREATE TABLE IF NOT EXISTS "django_migrations" ("id" integer NOT NULL PRIMARY KEY AUTOINCREMENT, "app" varchar(255) NOT NULL, "name" varchar(255) NOT NULL, "applied" datetime NOT NULL);
INSERT INTO django_migrations VALUES(1,'contenttypes','0001_initial','2023-12-27 21:26:06.438236');
INSERT INTO django_migrations VALUES(2,'contenttypes','0002_remove_content_type_name','2023-12-27 21:26:06.450117');
INSERT INTO django_migrations VALUES(3,'auth','0001_initial','2023-12-27 21:26:06.473344');
INSERT INTO django_migrations VALUES(4,'auth','0002_alter_permission_name_max_length','2023-12-27 21:26:06.486398');
INSERT INTO django_migrations VALUES(5,'auth','0003_alter_user_email_max_length','2023-12-27 21:26:06.497043');
INSERT INTO django_migrations VALUES(6,'auth','0004_alter_user_username_opts','2023-12-27 21:26:06.507708');
INSERT INTO django_migrations VALUES(7,'auth','0005_alter_user_last_login_null','2023-12-27 21:26:06.519162');
INSERT INTO django_migrations VALUES(8,'auth','0006_require_contenttypes_0002','2023-12-27 21:26:06.528317');
INSERT INTO django_migrations VALUES(9,'auth','0007_alter_validators_add_error_messages','2023-12-27 21:26:06.539257');
INSERT INTO django_migrations VALUES(10,'auth','0008_alter_user_username_max_length','2023-12-27 21:26:06.550700');
INSERT INTO django_migrations VALUES(11,'auth','0009_alter_user_last_name_max_length','2023-12-27 21:26:06.562601');
INSERT INTO django_migrations VALUES(12,'auth','0010_alter_group_name_max_length','2023-12-27 21:26:06.578003');
INSERT INTO django_migrations VALUES(13,'auth','0011_update_proxy_permissions','2023-12-27 21:26:06.587307');
INSERT INTO django_migrations VALUES(14,'auth','0012_alter_user_first_name_max_length','2023-12-27 21:26:06.598160');
INSERT INTO django_migrations VALUES(15,'lots','0001_initial','2023-12-27 21:26:06.624862');
INSERT INTO django_migrations VALUES(16,'admin','0001_initial','2023-12-27 21:26:06.643019');
INSERT INTO django_migrations VALUES(17,'admin','0002_logentry_remove_auto_add','2023-12-27 21:26:06.659886');
INSERT INTO django_migrations VALUES(18,'admin','0003_logentry_add_action_flag_choices','2023-12-27 21:26:06.669136');
INSERT INTO django_migrations VALUES(19,'sessions','0001_initial','2023-12-27 21:26:06.693470');
INSERT INTO django_migrations VALUES(20,'lots','0002_lease_last_payment_date_lease_last_payment_date_id_and_more','2024-01-07 19:20:00.796289');
INSERT INTO django_migrations VALUES(21,'lots','0003_alter_globalsettings_due_date_and_more','2024-01-20 19:59:24.146638');
CREATE TABLE IF NOT EXISTS "django_content_type" ("id" integer NOT NULL PRIMARY KEY AUTOINCREMENT, "app_label" varchar(100) NOT NULL, "model" varchar(100) NOT NULL);
INSERT INTO django_content_type VALUES(1,'lots','globalsettings');
INSERT INTO django_content_type VALUES(2,'lots','leaseholder');
INSERT INTO django_content_type VALUES(3,'lots','lot');
INSERT INTO django_content_type VALUES(4,'lots','lease');
INSERT INTO django_content_type VALUES(5,'lots','user');
INSERT INTO django_content_type VALUES(6,'lots','payment');
INSERT INTO django_content_type VALUES(7,'admin','logentry');
INSERT INTO django_content_type VALUES(8,'auth','permission');
INSERT INTO django_content_type VALUES(9,'auth','group');
INSERT INTO django_content_type VALUES(10,'contenttypes','contenttype');
INSERT INTO django_content_type VALUES(11,'sessions','session');
CREATE TABLE IF NOT EXISTS "auth_group_permissions" ("id" integer NOT NULL PRIMARY KEY AUTOINCREMENT, "group_id" integer NOT NULL REFERENCES "auth_group" ("id") DEFERRABLE INITIALLY DEFERRED, "permission_id" integer NOT NULL REFERENCES "auth_permission" ("id") DEFERRABLE INITIALLY DEFERRED);
INSERT INTO auth_group_permissions VALUES(1,1,1);
INSERT INTO auth_group_permissions VALUES(2,1,2);
INSERT INTO auth_group_permissions VALUES(3,1,3);
INSERT INTO auth_group_permissions VALUES(4,1,4);
INSERT INTO auth_group_permissions VALUES(5,1,5);
INSERT INTO auth_group_permissions VALUES(6,1,6);
INSERT INTO auth_group_permissions VALUES(7,1,7);
INSERT INTO auth_group_permissions VALUES(8,1,8);
INSERT INTO auth_group_permissions VALUES(9,1,9);
INSERT INTO auth_group_permissions VALUES(10,1,10);
INSERT INTO auth_group_permissions VALUES(11,1,11);
INSERT INTO auth_group_permissions VALUES(12,1,12);
INSERT INTO auth_group_permissions VALUES(13,1,13);
INSERT INTO auth_group_permissions VALUES(14,1,14);
INSERT INTO auth_group_permissions VALUES(15,1,15);
INSERT INTO auth_group_permissions VALUES(16,1,16);
INSERT INTO auth_group_permissions VALUES(17,1,17);
INSERT INTO auth_group_permissions VALUES(18,1,18);
INSERT INTO auth_group_permissions VALUES(19,1,19);
INSERT INTO auth_group_permissions VALUES(20,1,20);
INSERT INTO auth_group_permissions VALUES(21,1,21);
INSERT INTO auth_group_permissions VALUES(22,1,22);
INSERT INTO auth_group_permissions VALUES(23,1,23);
INSERT INTO auth_group_permissions VALUES(24,1,24);
INSERT INTO auth_group_permissions VALUES(25,1,25);
INSERT INTO auth_group_permissions VALUES(26,1,26);
INSERT INTO auth_group_permissions VALUES(27,1,27);
INSERT INTO auth_group_permissions VALUES(28,1,28);
INSERT INTO auth_group_permissions VALUES(29,1,29);
INSERT INTO auth_group_permissions VALUES(30,1,30);
INSERT INTO auth_group_permissions VALUES(31,1,31);
INSERT INTO auth_group_permissions VALUES(32,1,32);
INSERT INTO auth_group_permissions VALUES(33,1,33);
INSERT INTO auth_group_permissions VALUES(34,1,34);
INSERT INTO auth_group_permissions VALUES(35,1,35);
INSERT INTO auth_group_permissions VALUES(36,1,36);
INSERT INTO auth_group_permissions VALUES(37,1,37);
INSERT INTO auth_group_permissions VALUES(38,1,38);
INSERT INTO auth_group_permissions VALUES(39,1,39);
INSERT INTO auth_group_permissions VALUES(40,1,40);
INSERT INTO auth_group_permissions VALUES(41,1,41);
INSERT INTO auth_group_permissions VALUES(42,1,42);
INSERT INTO auth_group_permissions VALUES(43,1,43);
INSERT INTO auth_group_permissions VALUES(44,1,44);
INSERT INTO auth_group_permissions VALUES(45,2,1);
INSERT INTO auth_group_permissions VALUES(46,2,2);
INSERT INTO auth_group_permissions VALUES(47,2,4);
INSERT INTO auth_group_permissions VALUES(48,2,5);
INSERT INTO auth_group_permissions VALUES(49,2,6);
INSERT INTO auth_group_permissions VALUES(50,2,8);
INSERT INTO auth_group_permissions VALUES(51,2,9);
INSERT INTO auth_group_permissions VALUES(52,2,10);
INSERT INTO auth_group_permissions VALUES(53,2,12);
INSERT INTO auth_group_permissions VALUES(54,2,13);
INSERT INTO auth_group_permissions VALUES(55,2,14);
INSERT INTO auth_group_permissions VALUES(56,2,15);
INSERT INTO auth_group_permissions VALUES(57,2,16);
INSERT INTO auth_group_permissions VALUES(58,2,17);
INSERT INTO auth_group_permissions VALUES(59,2,18);
INSERT INTO auth_group_permissions VALUES(60,2,20);
INSERT INTO auth_group_permissions VALUES(61,2,21);
INSERT INTO auth_group_permissions VALUES(62,2,22);
INSERT INTO auth_group_permissions VALUES(63,2,24);
INSERT INTO auth_group_permissions VALUES(64,2,25);
INSERT INTO auth_group_permissions VALUES(65,2,26);
INSERT INTO auth_group_permissions VALUES(66,2,28);
INSERT INTO auth_group_permissions VALUES(67,2,29);
INSERT INTO auth_group_permissions VALUES(68,2,32);
INSERT INTO auth_group_permissions VALUES(69,2,33);
INSERT INTO auth_group_permissions VALUES(70,2,34);
INSERT INTO auth_group_permissions VALUES(71,2,36);
INSERT INTO auth_group_permissions VALUES(72,2,37);
INSERT INTO auth_group_permissions VALUES(73,2,38);
INSERT INTO auth_group_permissions VALUES(74,2,40);
INSERT INTO auth_group_permissions VALUES(75,2,41);
INSERT INTO auth_group_permissions VALUES(76,2,42);
INSERT INTO auth_group_permissions VALUES(77,2,44);
CREATE TABLE IF NOT EXISTS "auth_permission" ("id" integer NOT NULL PRIMARY KEY AUTOINCREMENT, "content_type_id" integer NOT NULL REFERENCES "django_content_type" ("id") DEFERRABLE INITIALLY DEFERRED, "codename" varchar(100) NOT NULL, "name" varchar(255) NOT NULL);
INSERT INTO auth_permission VALUES(1,1,'add_globalsettings','Can add global settings');
INSERT INTO auth_permission VALUES(2,1,'change_globalsettings','Can change global settings');
INSERT INTO auth_permission VALUES(3,1,'delete_globalsettings','Can delete global settings');
INSERT INTO auth_permission VALUES(4,1,'view_globalsettings','Can view global settings');
INSERT INTO auth_permission VALUES(5,2,'add_leaseholder','Can add lease holder');
INSERT INTO auth_permission VALUES(6,2,'change_leaseholder','Can change lease holder');
INSERT INTO auth_permission VALUES(7,2,'delete_leaseholder','Can delete lease holder');
INSERT INTO auth_permission VALUES(8,2,'view_leaseholder','Can view lease holder');
INSERT INTO auth_permission VALUES(9,3,'add_lot','Can add lot');
INSERT INTO auth_permission VALUES(10,3,'change_lot','Can change lot');
INSERT INTO auth_permission VALUES(11,3,'delete_lot','Can delete lot');
INSERT INTO auth_permission VALUES(12,3,'view_lot','Can view lot');
INSERT INTO auth_permission VALUES(13,4,'add_lease','Can add lease');
INSERT INTO auth_permission VALUES(14,4,'change_lease','Can change lease');
INSERT INTO auth_permission VALUES(15,4,'delete_lease','Can delete lease');
INSERT INTO auth_permission VALUES(16,4,'view_lease','Can view lease');
INSERT INTO auth_permission VALUES(17,5,'add_user','Can add user');
INSERT INTO auth_permission VALUES(18,5,'change_user','Can change user');
INSERT INTO auth_permission VALUES(19,5,'delete_user','Can delete user');
INSERT INTO auth_permission VALUES(20,5,'view_user','Can view user');
INSERT INTO auth_permission VALUES(21,6,'add_payment','Can add payment');
INSERT INTO auth_permission VALUES(22,6,'change_payment','Can change payment');
INSERT INTO auth_permission VALUES(23,6,'delete_payment','Can delete payment');
INSERT INTO auth_permission VALUES(24,6,'view_payment','Can view payment');
INSERT INTO auth_permission VALUES(25,7,'add_logentry','Can add log entry');
INSERT INTO auth_permission VALUES(26,7,'change_logentry','Can change log entry');
INSERT INTO auth_permission VALUES(27,7,'delete_logentry','Can delete log entry');
INSERT INTO auth_permission VALUES(28,7,'view_logentry','Can view log entry');
INSERT INTO auth_permission VALUES(29,8,'add_permission','Can add permission');
INSERT INTO auth_permission VALUES(30,8,'change_permission','Can change permission');
INSERT INTO auth_permission VALUES(31,8,'delete_permission','Can delete permission');
INSERT INTO auth_permission VALUES(32,8,'view_permission','Can view permission');
INSERT INTO auth_permission VALUES(33,9,'add_group','Can add group');
INSERT INTO auth_permission VALUES(34,9,'change_group','Can change group');
INSERT INTO auth_permission VALUES(35,9,'delete_group','Can delete group');
INSERT INTO auth_permission VALUES(36,9,'view_group','Can view group');
INSERT INTO auth_permission VALUES(37,10,'add_contenttype','Can add content type');
INSERT INTO auth_permission VALUES(38,10,'change_contenttype','Can change content type');
INSERT INTO auth_permission VALUES(39,10,'delete_contenttype','Can delete content type');
INSERT INTO auth_permission VALUES(40,10,'view_contenttype','Can view content type');
INSERT INTO auth_permission VALUES(41,11,'add_session','Can add session');
INSERT INTO auth_permission VALUES(42,11,'change_session','Can change session');
INSERT INTO auth_permission VALUES(43,11,'delete_session','Can delete session');
INSERT INTO auth_permission VALUES(44,11,'view_session','Can view session');
CREATE TABLE IF NOT EXISTS "auth_group" ("id" integer NOT NULL PRIMARY KEY AUTOINCREMENT, "name" varchar(150) NOT NULL UNIQUE);
INSERT INTO auth_group VALUES(1,'admin');
INSERT INTO auth_group VALUES(2,'staff');
CREATE TABLE IF NOT EXISTS "lots_globalsettings" ("id" integer NOT NULL PRIMARY KEY AUTOINCREMENT, "due_date" smallint unsigned NOT NULL CHECK ("due_date" >= 0), "grace_period" smallint unsigned NOT NULL CHECK ("grace_period" >= 0));
INSERT INTO lots_globalsettings VALUES(1,2,30);
CREATE TABLE IF NOT EXISTS "lots_leaseholder" ("id" integer NOT NULL PRIMARY KEY AUTOINCREMENT, "lease_holder_first_name" varchar(200) NOT NULL, "lease_holder_last_name" varchar(200) NOT NULL, "lease_holder_address" varchar(200) NOT NULL, "email" varchar(200) NOT NULL, "phone" varchar(200) NOT NULL);
INSERT INTO lots_leaseholder VALUES(1,'Zack','Otterstrom','1111 s 22222 N','test1@gmail.com','555-555-5555');
INSERT INTO lots_leaseholder VALUES(5,'Santa','Claus','1 North Pole Ln','stnick@gmail.com','555-555-1111');
INSERT INTO lots_leaseholder VALUES(6,'Joe','Otterstrom','789 Main, Clearfield, UT','Joe@gmail.com','801-555-2222');
CREATE TABLE IF NOT EXISTS "lots_lot" ("id" integer NOT NULL PRIMARY KEY AUTOINCREMENT, "lot_number" integer NOT NULL UNIQUE, "lot_address" varchar(300) NOT NULL, "occupied" bool NOT NULL);
INSERT INTO lots_lot VALUES(7,3,'55 South',1);
INSERT INTO lots_lot VALUES(8,4,'55 South',1);
INSERT INTO lots_lot VALUES(9,7,'55 North',1);
INSERT INTO lots_lot VALUES(10,9,'55 North',1);
CREATE TABLE IF NOT EXISTS "lots_user" ("id" integer NOT NULL PRIMARY KEY AUTOINCREMENT, "password" varchar(128) NOT NULL, "last_login" datetime NULL, "is_superuser" bool NOT NULL, "username" varchar(150) NOT NULL UNIQUE, "first_name" varchar(150) NOT NULL, "last_name" varchar(150) NOT NULL, "email" varchar(254) NOT NULL, "is_staff" bool NOT NULL, "is_active" bool NOT NULL, "date_joined" datetime NOT NULL, "user_type" smallint unsigned NOT NULL CHECK ("user_type" >= 0));
INSERT INTO lots_user VALUES(3,'pbkdf2_sha256$600000$PO2HQTpwC76Xq5AuDyOOTn$1MYOPlQzqgWRAiV2jTJuy7JF4Hh4oOBwcwmNqdhK3FE=','2023-12-28 07:14:01.749984',0,'zackarys','','','',1,1,'2023-12-28 06:29:20',1);
INSERT INTO lots_user VALUES(7,'pbkdf2_sha256$600000$70azU9etduYNCljPiKVCt6$SsSWSNZp9xnZR2C14gyfB23Z/x8Hg6dj1O2TW12Clag=','2024-03-26 17:12:51.127539',1,'admin','','','',1,1,'2023-12-28 07:24:34.428198',1);
CREATE TABLE IF NOT EXISTS "lots_user_groups" ("id" integer NOT NULL PRIMARY KEY AUTOINCREMENT, "user_id" bigint NOT NULL REFERENCES "lots_user" ("id") DEFERRABLE INITIALLY DEFERRED, "group_id" integer NOT NULL REFERENCES "auth_group" ("id") DEFERRABLE INITIALLY DEFERRED);
CREATE TABLE IF NOT EXISTS "lots_user_user_permissions" ("id" integer NOT NULL PRIMARY KEY AUTOINCREMENT, "user_id" bigint NOT NULL REFERENCES "lots_user" ("id") DEFERRABLE INITIALLY DEFERRED, "permission_id" integer NOT NULL REFERENCES "auth_permission" ("id") DEFERRABLE INITIALLY DEFERRED);
CREATE TABLE IF NOT EXISTS "lots_payment" ("id" integer NOT NULL PRIMARY KEY AUTOINCREMENT, "payment_date" date NOT NULL, "payment_amount" decimal NOT NULL, "payment_method" varchar(50) NOT NULL, "transaction_id" varchar(200) NULL, "notes" text NULL, "receipt" varchar(100) NULL, "created_at" datetime NOT NULL, "updated_at" datetime NOT NULL, "is_deleted" bool NOT NULL, "lease_id" bigint NOT NULL REFERENCES "lots_lease" ("id") DEFERRABLE INITIALLY DEFERRED);
CREATE TABLE IF NOT EXISTS "django_admin_log" ("id" integer NOT NULL PRIMARY KEY AUTOINCREMENT, "object_id" text NULL, "object_repr" varchar(200) NOT NULL, "action_flag" smallint unsigned NOT NULL CHECK ("action_flag" >= 0), "change_message" text NOT NULL, "content_type_id" integer NULL REFERENCES "django_content_type" ("id") DEFERRABLE INITIALLY DEFERRED, "user_id" bigint NOT NULL REFERENCES "lots_user" ("id") DEFERRABLE INITIALLY DEFERRED, "action_time" datetime NOT NULL);
INSERT INTO django_admin_log VALUES(19,'3',replace('Zack : Otterstrom\n\n20 : 2\n6 : up-to-date\n','\n',char(10)),2,'[{"changed": {"fields": ["Last payment date"]}}]',4,7,'2024-01-15 23:31:03.635762');
INSERT INTO django_admin_log VALUES(20,'1',replace('Zack : Otterstrom\n\n1000 : 2\n6 : up-to-date\n','\n',char(10)),2,'[{"changed": {"fields": ["Last payment date"]}}]',4,7,'2024-01-15 23:31:26.534955');
INSERT INTO django_admin_log VALUES(21,'36',replace('Zack : Otterstrom\n\n0 : 1\n5 : up-to-date\n','\n',char(10)),3,'',4,7,'2024-02-25 16:44:54.654611');
INSERT INTO django_admin_log VALUES(22,'35',replace('Zack : Otterstrom\n\n0 : 1\n5 : up-to-date\n','\n',char(10)),3,'',4,7,'2024-02-25 16:44:54.663608');
INSERT INTO django_admin_log VALUES(23,'10',replace('9 : 55 Nortrh\n','\n',char(10)),2,'[{"changed": {"fields": ["Lot address"]}}]',3,7,'2024-02-25 16:45:07.839918');
INSERT INTO django_admin_log VALUES(24,'9',replace('7 : 55 Nortrh\n','\n',char(10)),2,'[{"changed": {"fields": ["Lot address"]}}]',3,7,'2024-02-25 16:45:12.220424');
INSERT INTO django_admin_log VALUES(25,'10',replace('9 : 55 North\n','\n',char(10)),2,'[{"changed": {"fields": ["Lot address"]}}]',3,7,'2024-02-25 16:45:19.434346');
INSERT INTO django_admin_log VALUES(26,'9',replace('7 : 55 North\n','\n',char(10)),2,'[{"changed": {"fields": ["Lot address"]}}]',3,7,'2024-02-25 16:45:25.393853');
INSERT INTO django_admin_log VALUES(27,'8',replace('4 : 55 South\n','\n',char(10)),2,'[{"changed": {"fields": ["Lot address"]}}]',3,7,'2024-02-25 16:45:31.768600');
INSERT INTO django_admin_log VALUES(28,'7',replace('3 : 55 South\n','\n',char(10)),2,'[{"changed": {"fields": ["Lot address"]}}]',3,7,'2024-02-25 16:45:36.082805');
INSERT INTO django_admin_log VALUES(29,'4',replace('Joe : ottersgtrom\n','\n',char(10)),3,'',2,7,'2024-02-25 16:45:47.570251');
INSERT INTO django_admin_log VALUES(30,'5',replace('Santa : Claus\n','\n',char(10)),1,'[{"added": {}}]',2,7,'2024-02-25 16:46:33.488226');
INSERT INTO django_admin_log VALUES(31,'6',replace('Joe : Otterstrom\n','\n',char(10)),1,'[{"added": {}}]',2,7,'2024-02-25 16:47:08.033082');
CREATE TABLE IF NOT EXISTS "django_session" ("session_key" varchar(40) NOT NULL PRIMARY KEY, "session_data" text NOT NULL, "expire_date" datetime NOT NULL);
INSERT INTO django_session VALUES('tsexjvy7dupu3ui7ao4ckigpwj9u6bil','.eJxVjEEOwiAQRe_C2pDCFCgu3XsGMjCDVA0kpV0Z765NutDtf-_9lwi4rSVsnZcwkzgLJ06_W8T04LoDumO9NZlaXZc5yl2RB-3y2oifl8P9OyjYy7dWGlO0hpki4GQ9aE9Rg3cDQQI0FpjZmozR65TtNDrt_QBjylkrZUm8P_bJOA8:1rIkmu:dKCqi-K5L9VORDPBr3hrZXcixSMkD3dNtPK21VX--xQ','2024-01-11 07:26:40.131729');
INSERT INTO django_session VALUES('zh5seo79uyc5x62wnthe5gp6kxyvcavj','.eJxVjEEOwiAQRe_C2pDCFCgu3XsGMjCDVA0kpV0Z765NutDtf-_9lwi4rSVsnZcwkzgLJ06_W8T04LoDumO9NZlaXZc5yl2RB-3y2oifl8P9OyjYy7dWGlO0hpki4GQ9aE9Rg3cDQQI0FpjZmozR65TtNDrt_QBjylkrZUm8P_bJOA8:1rIwLY:7Y4FuYRdsG0XaOIABJDTX1aRozti6YG3CVGPP6czCuo','2024-01-11 19:47:12.460580');
INSERT INTO django_session VALUES('zt1l8ap1arswt4ymol00fiqzzt4g2uis','.eJxVjEEOwiAQRe_C2pDCFCgu3XsGMjCDVA0kpV0Z765NutDtf-_9lwi4rSVsnZcwkzgLJ06_W8T04LoDumO9NZlaXZc5yl2RB-3y2oifl8P9OyjYy7dWGlO0hpki4GQ9aE9Rg3cDQQI0FpjZmozR65TtNDrt_QBjylkrZUm8P_bJOA8:1rPWPd:qyo6s6HIMp59oK-z13T0c3misQ920isjEy7fTjuRy6Q','2024-01-29 23:30:37.382462');
INSERT INTO django_session VALUES('m9zlyg3m8r72k931uz3n5bjthlxkr4rj','.eJxVjEEOwiAQRe_C2pDCFCgu3XsGMjCDVA0kpV0Z765NutDtf-_9lwi4rSVsnZcwkzgLJ06_W8T04LoDumO9NZlaXZc5yl2RB-3y2oifl8P9OyjYy7dWGlO0hpki4GQ9aE9Rg3cDQQI0FpjZmozR65TtNDrt_QBjylkrZUm8P_bJOA8:1rUCdG:HGTOvVAMfBj8RkDhTVHx0FVJeLo4uOjyxFDI5iYocDo','2024-02-11 21:24:02.718438');
INSERT INTO django_session VALUES('a90woe9mdwe5txahk72qwyyhfz6hse5k','.eJxVjEEOwiAQRe_C2pDCFCgu3XsGMjCDVA0kpV0Z765NutDtf-_9lwi4rSVsnZcwkzgLJ06_W8T04LoDumO9NZlaXZc5yl2RB-3y2oifl8P9OyjYy7dWGlO0hpki4GQ9aE9Rg3cDQQI0FpjZmozR65TtNDrt_QBjylkrZUm8P_bJOA8:1rXjkR:m7Vvn-FBd0-wsI8IfwAg-ARiA85Zdptj6yw624QgPOU','2024-02-21 15:22:03.933038');
INSERT INTO django_session VALUES('gqnh42sfs497wn9q149wqkqy75vr49wa','.eJxVjDsOwjAQBe_iGln-xR9Kes5g7XptHEC2FCcV4u4QKQW0b2bei0XY1hq3kZc4Ezszx06_G0J65LYDukO7dZ56W5cZ-a7wgw5-7ZSfl8P9O6gw6rcOQiF6baBgQpeMVKYEDNImDRKC8hIE-eyoaGENaZyckeCssj5MKDV7fwDpGTdu:1reHc8:Fvlw_pyxjGmOf73IrRHu9fwwfgNjOhRWqxbtbcOHYSs','2024-03-10 16:44:32.692012');
INSERT INTO django_session VALUES('oyiabh9o6mtix75hz3q6falc9onhgpyh','.eJxVjEEOwiAQRe_C2pDCFCgu3XsGMjCDVA0kpV0Z765NutDtf-_9lwi4rSVsnZcwkzgLJ06_W8T04LoDumO9NZlaXZc5yl2RB-3y2oifl8P9OyjYy7dWGlO0hpki4GQ9aE9Rg3cDQQI0FpjZmozR65TtNDrt_QBjylkrZUm8P_bJOA8:1rpALz:4Ay2c9zUvYcuvySIxAEh-bY0q1eoulrrqqTUNgPrXvY','2024-04-09 17:12:51.134520');
CREATE TABLE IF NOT EXISTS "lots_lease" ("id" integer NOT NULL PRIMARY KEY AUTOINCREMENT, "monthly_rental_amount" integer NOT NULL, "due_date" smallint unsigned NOT NULL CHECK ("due_date" >= 0), "grace_period" smallint unsigned NOT NULL CHECK ("grace_period" >= 0), "lease_agreement_path" varchar(100) NOT NULL, "lot_image_path" varchar(100) NOT NULL, "lease_holder_id" bigint NOT NULL REFERENCES "lots_leaseholder" ("id") DEFERRABLE INITIALLY DEFERRED, "lot_id" bigint NOT NULL REFERENCES "lots_lot" ("id") DEFERRABLE INITIALLY DEFERRED, "last_payment_date" date NULL, "last_payment_date_id_id" bigint NULL REFERENCES "lots_payment" ("id") DEFERRABLE INITIALLY DEFERRED, "payment_status" varchar(20) NOT NULL);
INSERT INTO lots_lease VALUES(37,85,1,1,'https://elasticbeanstalk-us-east-2-339713140427.s3.us-east-2.amazonaws.com/images/boat-storage-facility-thumbnail.jpeg','https://elasticbeanstalk-us-east-2-339713140427.s3.us-east-2.amazonaws.com/images/boat-storage-facility-thumbnail.jpeg',1,7,1731024000000,1,'late');
INSERT INTO lots_lease VALUES(38,20,1,1,'https://elasticbeanstalk-us-east-2-339713140427.s3.us-east-2.amazonaws.com/images/IMG_2567.jpg','https://elasticbeanstalk-us-east-2-339713140427.s3.us-east-2.amazonaws.com/images/IMG_2567.jpg',5,8,NULL,NULL,'up-to-date');
INSERT INTO lots_lease VALUES(39,56,1,1,'https://elasticbeanstalk-us-east-2-339713140427.s3.us-east-2.amazonaws.com/images/images.jpeg','https://elasticbeanstalk-us-east-2-339713140427.s3.us-east-2.amazonaws.com/images/images.jpeg',6,9,NULL,NULL,'up-to-date');
INSERT INTO lots_lease VALUES(40,150,1,1,'https://elasticbeanstalk-us-east-2-339713140427.s3.us-east-2.amazonaws.com/images/3137866-66390.jpeg','https://elasticbeanstalk-us-east-2-339713140427.s3.us-east-2.amazonaws.com/images/3137866-66390.jpeg',5,10,NULL,NULL,'up-to-date');
DELETE FROM sqlite_sequence;
INSERT INTO sqlite_sequence VALUES('django_migrations',21);
INSERT INTO sqlite_sequence VALUES('django_content_type',11);
INSERT INTO sqlite_sequence VALUES('auth_permission',44);
INSERT INTO sqlite_sequence VALUES('auth_group',2);
INSERT INTO sqlite_sequence VALUES('django_admin_log',31);
INSERT INTO sqlite_sequence VALUES('lots_user',7);
INSERT INTO sqlite_sequence VALUES('lots_leaseholder',6);
INSERT INTO sqlite_sequence VALUES('lots_lot',15);
INSERT INTO sqlite_sequence VALUES('auth_group_permissions',77);
INSERT INTO sqlite_sequence VALUES('lots_user_groups',3);
INSERT INTO sqlite_sequence VALUES('lots_payment',9);
INSERT INTO sqlite_sequence VALUES('lots_globalsettings',1);
INSERT INTO sqlite_sequence VALUES('lots_lease',40);
CREATE UNIQUE INDEX "django_content_type_app_label_model_76bd3d3b_uniq" ON "django_content_type" ("app_label", "model");
CREATE UNIQUE INDEX "auth_group_permissions_group_id_permission_id_0cd325b0_uniq" ON "auth_group_permissions" ("group_id", "permission_id");
CREATE INDEX "auth_group_permissions_group_id_b120cbf9" ON "auth_group_permissions" ("group_id");
CREATE INDEX "auth_group_permissions_permission_id_84c5c92e" ON "auth_group_permissions" ("permission_id");
CREATE UNIQUE INDEX "auth_permission_content_type_id_codename_01ab375a_uniq" ON "auth_permission" ("content_type_id", "codename");
CREATE INDEX "auth_permission_content_type_id_2f476e4b" ON "auth_permission" ("content_type_id");
CREATE UNIQUE INDEX "lots_user_groups_user_id_group_id_d7fc7cd8_uniq" ON "lots_user_groups" ("user_id", "group_id");
CREATE INDEX "lots_user_groups_user_id_6261951f" ON "lots_user_groups" ("user_id");
CREATE INDEX "lots_user_groups_group_id_3cda3c63" ON "lots_user_groups" ("group_id");
CREATE UNIQUE INDEX "lots_user_user_permissions_user_id_permission_id_d5205e70_uniq" ON "lots_user_user_permissions" ("user_id", "permission_id");
CREATE INDEX "lots_user_user_permissions_user_id_ffb1d989" ON "lots_user_user_permissions" ("user_id");
CREATE INDEX "lots_user_user_permissions_permission_id_64b4abb4" ON "lots_user_user_permissions" ("permission_id");
CREATE INDEX "lots_payment_lease_id_f878ec37" ON "lots_payment" ("lease_id");
CREATE INDEX "lots_paymen_payment_de74a7_idx" ON "lots_payment" ("payment_date");
CREATE INDEX "django_admin_log_content_type_id_c4bce8eb" ON "django_admin_log" ("content_type_id");
CREATE INDEX "django_admin_log_user_id_c564eba6" ON "django_admin_log" ("user_id");
CREATE INDEX "django_session_expire_date_a5c62663" ON "django_session" ("expire_date");
CREATE INDEX "lots_lease_lease_holder_id_e7595d23" ON "lots_lease" ("lease_holder_id");
CREATE INDEX "lots_lease_lot_id_28ecd299" ON "lots_lease" ("lot_id");
CREATE INDEX "lots_lease_last_payment_date_id_id_7dc4fbc2" ON "lots_lease" ("last_payment_date_id_id");
COMMIT;
